agente_1,agente_2,first_draft,second_draft,diferencia
Manhattan Minerals,Centromin Perú,0.1059521096581032,0.08362985132031175,-0.022322258337791445
Manhattan Minerals,Ministerio de Energía y Minas,0.11827231237127511,0.0993423970400763,-0.01892991533119881
Manhattan Minerals,Municipalidad,0.11924547016521059,0.12529138086975022,0.0060459107045396365
Manhattan Minerals,Frente de Defensa del Valle de San Lorenzo y Tambogrande,0.17992395473715905,0.16314725563230303,-0.01677669910485602
Manhattan Minerals,Productores agrícolas y Junta de Regantes del Valle de San Lorenzo,0.15727493730135034,0.14955584302915703,-0.007719094272193305
Manhattan Minerals,Mesa Técnica,0.15724380328902132,0.1317753895295638,-0.02546841375945752
Manhattan Minerals,"Sociedad Nacional de Minería, Petróleo y Energía",0.10258589047019406,0.10327798121586362,0.0006920907456695602
Centromin Perú,Ministerio de Energía y Minas,0.10075860703820361,0.10908719193701255,0.008328584898808944
Centromin Perú,Municipalidad,0.11640676754857315,0.12105913507834942,0.004652367529776269
Centromin Perú,Frente de Defensa del Valle de San Lorenzo y Tambogrande,0.19233698375261776,0.16198112214846272,-0.030355861604155043
Centromin Perú,Productores agrícolas y Junta de Regantes del Valle de San Lorenzo,0.17303801282208586,0.14955115911462658,-0.023486853707459288
Centromin Perú,Mesa Técnica,0.15423119256372664,0.14294270873202242,-0.011288483831704221
Centromin Perú,"Sociedad Nacional de Minería, Petróleo y Energía",0.11359248301433778,0.10550121580319305,-0.008091267211144726
Ministerio de Energía y Minas,Municipalidad,0.11695134630354265,0.1149845045342226,-0.001966841769320049
Ministerio de Energía y Minas,Frente de Defensa del Valle de San Lorenzo y Tambogrande,0.15152275678471694,0.12471143356963688,-0.026811323215080063
Ministerio de Energía y Minas,Productores agrícolas y Junta de Regantes del Valle de San Lorenzo,0.13811763042307024,0.14430033543678245,0.006182705013712209
Ministerio de Energía y Minas,Mesa Técnica,0.10856926144221568,0.11027922563017811,0.0017099641879624317
Ministerio de Energía y Minas,"Sociedad Nacional de Minería, Petróleo y Energía",0.11040396879744829,0.11149487091265375,0.001090902115205461
Municipalidad,Frente de Defensa del Valle de San Lorenzo y Tambogrande,0.1381203512305471,0.1156404030488859,-0.022479948181661213
Municipalidad,Productores agrícolas y Junta de Regantes del Valle de San Lorenzo,0.13941605556460412,0.12942950758557936,-0.009986547979024762
Municipalidad,Mesa Técnica,0.1338412262309936,0.13047052316141683,-0.0033707030695767637
Municipalidad,"Sociedad Nacional de Minería, Petróleo y Energía",0.10334897845290081,0.12095469365461964,0.01760571520171883
Frente de Defensa del Valle de San Lorenzo y Tambogrande,Productores agrícolas y Junta de Regantes del Valle de San Lorenzo,0.1432466555622256,0.12510841548900797,-0.018138240073217626
Frente de Defensa del Valle de San Lorenzo y Tambogrande,Mesa Técnica,0.12605264286676388,0.12874767853244629,0.0026950356656824104
Frente de Defensa del Valle de San Lorenzo y Tambogrande,"Sociedad Nacional de Minería, Petróleo y Energía",0.16835006672713915,0.16386188058877116,-0.004488186138367989
Productores agrícolas y Junta de Regantes del Valle de San Lorenzo,Mesa Técnica,0.11515525381289737,0.11316885936543053,-0.001986394447466844
Productores agrícolas y Junta de Regantes del Valle de San Lorenzo,"Sociedad Nacional de Minería, Petróleo y Energía",0.13203834095332212,0.1413890688594246,0.009350727906102474
Mesa Técnica,"Sociedad Nacional de Minería, Petróleo y Energía",0.14818480126093037,0.15278066143598856,0.004595860175058197
