agente_1,agente_2,first_draft,second_draft_ajustado,diferencia
Manhattan Minerals,Centromin Perú,0.1059521096581032,0.14078537491412202,0.03483326525601882
Manhattan Minerals,Ministerio de Energía y Minas,0.11827231237127511,0.1208796904373548,0.002607378066079691
Manhattan Minerals,Municipalidad,0.11924547016521059,0.11775361354792824,-0.00149185661728235
Manhattan Minerals,Frente de Defensa del Valle de San Lorenzo y Tambogrande,0.17992395473715905,0.1504039845793641,-0.02951997015779495
Manhattan Minerals,Productores agrícolas y Junta de Regantes del Valle de San Lorenzo,0.15727493730135034,0.14281924948561986,-0.014455687815730478
Manhattan Minerals,Mesa Técnica,0.15724380328902132,0.15437147045665767,-0.0028723328323636554
Manhattan Minerals,"Sociedad Nacional de Minería, Petróleo y Energía",0.10258589047019406,0.1188152784032992,0.016229387933105133
Centromin Perú,Ministerio de Energía y Minas,0.10075860703820361,0.11020758445850043,0.009448977420296822
Centromin Perú,Municipalidad,0.11640676754857315,0.1499500410032497,0.03354327345467656
Centromin Perú,Frente de Defensa del Valle de San Lorenzo y Tambogrande,0.19233698375261776,0.17337113591663644,-0.01896584783598132
Centromin Perú,Productores agrícolas y Junta de Regantes del Valle de San Lorenzo,0.17303801282208586,0.1606288320492576,-0.012409180772828265
Centromin Perú,Mesa Técnica,0.15423119256372664,0.1911055905259177,0.03687439796219105
Centromin Perú,"Sociedad Nacional de Minería, Petróleo y Energía",0.11359248301433778,0.1218575993851364,0.00826511637079863
Ministerio de Energía y Minas,Municipalidad,0.11695134630354265,0.13480542348783509,0.01785407718429244
Ministerio de Energía y Minas,Frente de Defensa del Valle de San Lorenzo y Tambogrande,0.15152275678471694,0.13710105281665053,-0.014421703968066413
Ministerio de Energía y Minas,Productores agrícolas y Junta de Regantes del Valle de San Lorenzo,0.13811763042307024,0.15336079571045058,0.015243165287380345
Ministerio de Energía y Minas,Mesa Técnica,0.10856926144221568,0.14755227508354973,0.03898301364133405
Ministerio de Energía y Minas,"Sociedad Nacional de Minería, Petróleo y Energía",0.11040396879744829,0.12203611546918658,0.011632146671738286
Municipalidad,Frente de Defensa del Valle de San Lorenzo y Tambogrande,0.1381203512305471,0.12000766571493227,-0.018112685515614846
Municipalidad,Productores agrícolas y Junta de Regantes del Valle de San Lorenzo,0.13941605556460412,0.1213658807472553,-0.01805017481734883
Municipalidad,Mesa Técnica,0.1338412262309936,0.14177060918918116,0.00792938295818757
Municipalidad,"Sociedad Nacional de Minería, Petróleo y Energía",0.10334897845290081,0.11555542942192598,0.012206450969025173
Frente de Defensa del Valle de San Lorenzo y Tambogrande,Productores agrícolas y Junta de Regantes del Valle de San Lorenzo,0.1432466555622256,0.1434264297816944,0.0001797742194687979
Frente de Defensa del Valle de San Lorenzo y Tambogrande,Mesa Técnica,0.12605264286676388,0.1180686275949221,-0.007984015271841782
Frente de Defensa del Valle de San Lorenzo y Tambogrande,"Sociedad Nacional de Minería, Petróleo y Energía",0.16835006672713915,0.14837934396564645,-0.0199707227614927
Productores agrícolas y Junta de Regantes del Valle de San Lorenzo,Mesa Técnica,0.11515525381289737,0.12079815413015882,0.005642900317261446
Productores agrícolas y Junta de Regantes del Valle de San Lorenzo,"Sociedad Nacional de Minería, Petróleo y Energía",0.13203834095332212,0.13513565301073804,0.003097312057415924
Mesa Técnica,"Sociedad Nacional de Minería, Petróleo y Energía",0.14818480126093037,0.16619857293526608,0.01801377167433571
